INSERT INTO TerpsMSIS.Alumni(alumniFName,alumniMName,alumniID,alumniLName,gender,ethnicity,streetAddress,city,state,country,zipcode,countryCode,alumniPhoneNo,yearOfPassing,dOB,linkedInURL) VALUES ('Vishal','A','al00001','Gaur','M','Asian','12 Mathew Dr','Johnston','RI','United States',2919,1,4017640711,2017,'1990-04-12','www.linkedin.com/in/gaurvishal');
INSERT INTO TerpsMSIS.Alumni(alumniFName,alumniMName,alumniID,alumniLName,gender,ethnicity,streetAddress,city,state,country,zipcode,countryCode,alumniPhoneNo,yearOfPassing,dOB,linkedInURL) VALUES ('Gaurang','M','al00002','Manjreka','M','Asian','23341 E 1680th St','Geneseo','IL','United States',61254,1,3099443412,2014,'1993-10-02','www.linkedin.com/in/manjrekargaurang');
INSERT INTO TerpsMSIS.Alumni(alumniFName,alumniMName,alumniID,alumniLName,gender,ethnicity,streetAddress,city,state,country,zipcode,countryCode,alumniPhoneNo,yearOfPassing,dOB,linkedInURL) VALUES ('Prasoon','V','al00003','Rungta','M','Asian','4143 Marr Rd','Pulaski','PA','United States',16143,1,7249648538,2016,'1990-01-26','www.linkedin.com/in/prasoonrungta');
INSERT INTO TerpsMSIS.Alumni(alumniFName,alumniMName,alumniID,alumniLName,gender,ethnicity,streetAddress,city,state,country,zipcode,countryCode,alumniPhoneNo,yearOfPassing,dOB,linkedInURL) VALUES ('Siddharth','B','al00004','Dixit','M','Asian','Rr West End','West End','NC','United States',27376,1,9106730974,2017,'1994-11-12','www.linkedin.com/in/siddharth-dixit-a3783b109');
INSERT INTO TerpsMSIS.Alumni(alumniFName,alumniMName,alumniID,alumniLName,gender,ethnicity,streetAddress,city,state,country,zipcode,countryCode,alumniPhoneNo,yearOfPassing,dOB,linkedInURL) VALUES ('Mark','U','al00005','Wagner','M','White','7962 S M 66 Hwy','Nashville','MI','United States',49073,1,5178520690,2015,'1992-03-12','www.linkedin.com/in/markuwagner');
INSERT INTO TerpsMSIS.Alumni(alumniFName,alumniMName,alumniID,alumniLName,gender,ethnicity,streetAddress,city,state,country,zipcode,countryCode,alumniPhoneNo,yearOfPassing,dOB,linkedInURL) VALUES ('Kanitha','D','al00006','Sar','F','Asian','2873 Preble County Line Rd','West Alexandria','OH','United States',45381,1,9376963139,2007,'1981-11-12','www.linkedin.com/in/kanitha-sar-0546733');
INSERT INTO TerpsMSIS.Alumni(alumniFName,alumniMName,alumniID,alumniLName,gender,ethnicity,streetAddress,city,state,country,zipcode,countryCode,alumniPhoneNo,yearOfPassing,dOB,linkedInURL) VALUES ('Amy','H','al00007','Liu','F','Asian','4684 Jj Hwy','Bourbon','MO','United States',65441,1,5737324243,2017,'1993-01-12','www.linkedin.com/in/amy-liu-5953b010b');
INSERT INTO TerpsMSIS.Alumni(alumniFName,alumniMName,alumniID,alumniLName,gender,ethnicity,streetAddress,city,state,country,zipcode,countryCode,alumniPhoneNo,yearOfPassing,dOB,linkedInURL) VALUES ('Jinali','S','al00008','Gandhi','F','Asian','36 Austin Douglas Way','Congers','NY','United States',10920,1,8452680577,2017,'1990-03-12','www.linkedin.com/in/jinali-gandhi');
INSERT INTO TerpsMSIS.Alumni(alumniFName,alumniMName,alumniID,alumniLName,gender,ethnicity,streetAddress,city,state,country,zipcode,countryCode,alumniPhoneNo,yearOfPassing,dOB,linkedInURL) VALUES ('Kan','R','al00009','Wang','M','Asian','433 Beach 40th St #13A','Far Rockaway','NY','United States',11691,1,7183375381,2012,'1987-11-12','www.linkedin.com/in/kan-wang-97276365');
INSERT INTO TerpsMSIS.Alumni(alumniFName,alumniMName,alumniID,alumniLName,gender,ethnicity,streetAddress,city,state,country,zipcode,countryCode,alumniPhoneNo,yearOfPassing,dOB,linkedInURL) VALUES ('Kingsley','F','al00010','Madikaegbu','M','AFrican American','1254 Northampton St','State College','PA','United States',16803,1,8142381184,2013,'1989-07-12','www.linkedin.com/in/kingsley-madikaegbu-a7597933');
INSERT INTO TerpsMSIS.Alumni(alumniFName,alumniMName,alumniID,alumniLName,gender,ethnicity,streetAddress,city,state,country,zipcode,countryCode,alumniPhoneNo,yearOfPassing,dOB,linkedInURL) VALUES ('Pingzhi','M','al00011','Mao','M','Asian','136 W Cherry Dr','Petal','MS','United States',39465,1,6015824527,2017,'1993-08-12','www.linkedin.com/in/pingzhi-mao');
INSERT INTO TerpsMSIS.Alumni(alumniFName,alumniMName,alumniID,alumniLName,gender,ethnicity,streetAddress,city,state,country,zipcode,countryCode,alumniPhoneNo,yearOfPassing,dOB,linkedInURL) VALUES ('Gaunyu','X','al00012','Chen','M','Asian','21 Spring Valley Ln','Streamwood','IL','United States',60107,1,6302890194,2016,'1991-09-12','www.linkedin.com/in/gyc');
INSERT INTO TerpsMSIS.Alumni(alumniFName,alumniMName,alumniID,alumniLName,gender,ethnicity,streetAddress,city,state,country,zipcode,countryCode,alumniPhoneNo,yearOfPassing,dOB,linkedInURL) VALUES ('Andrew','T','al00013','Gele','M','White','4859 Kettle Mills Rd','Hampshire','TN','United States',38461,1,9312852747,2017,'1994-01-12','www.linkedin.com/in/andrewgele');
INSERT INTO TerpsMSIS.Alumni(alumniFName,alumniMName,alumniID,alumniLName,gender,ethnicity,streetAddress,city,state,country,zipcode,countryCode,alumniPhoneNo,yearOfPassing,dOB,linkedInURL) VALUES ('Young','H','al00014','Lee','M','Asian','4101 Quail Ridge Ct','Granbury','TX','United States',76049,1,6822053217,2017,'1992-04-12','www.linkedin.com/in/young-h-lee');
INSERT INTO TerpsMSIS.Alumni(alumniFName,alumniMName,alumniID,alumniLName,gender,ethnicity,streetAddress,city,state,country,zipcode,countryCode,alumniPhoneNo,yearOfPassing,dOB,linkedInURL) VALUES ('Ife','K','al00015','Ike','M','African American','365 Peck Mtn Rd','Eva','AL','United States',35621,1,2564828598,2013,'1990-12-12','www.linkedin.com/in/ife-eke-23b67915');
INSERT INTO TerpsMSIS.Alumni(alumniFName,alumniMName,alumniID,alumniLName,gender,ethnicity,streetAddress,city,state,country,zipcode,countryCode,alumniPhoneNo,yearOfPassing,dOB,linkedInURL) VALUES ('Diane','A','al00016','Reilly','F','White','3400 Tulane Drive,  Apt No 11','Hyattsville','MD','United States',20783,1,3606422423,2015,'1988-05-12','www.linkedin.com/in/dianereilly1');
INSERT INTO TerpsMSIS.Alumni(alumniFName,alumniMName,alumniID,alumniLName,gender,ethnicity,streetAddress,city,state,country,zipcode,countryCode,alumniPhoneNo,yearOfPassing,dOB,linkedInURL) VALUES ('Tetyana','S','al00017','Bezbabna','F','White','1730 Baltimore Ave, Apt No 2','College Park','MD','United States',20740,1,3108193977,2017,'1992-02-12','www.linkedin.com/in/tetyana-bezbabna-5a9ba839');
INSERT INTO TerpsMSIS.Alumni(alumniFName,alumniMName,alumniID,alumniLName,gender,ethnicity,streetAddress,city,state,country,zipcode,countryCode,alumniPhoneNo,yearOfPassing,dOB,linkedInURL) VALUES ('Cynthia','T','al00018','Campos','F','White','201 Terrapin Row','College Park','MD','United States',20740,1,8307693196,2017,'1993-10-12','www.linkedin.com/in/cynthiacampos');
INSERT INTO TerpsMSIS.Alumni(alumniFName,alumniMName,alumniID,alumniLName,gender,ethnicity,streetAddress,city,state,country,zipcode,countryCode,alumniPhoneNo,yearOfPassing,dOB,linkedInURL) VALUES ('Connor','A','al00019','Wood','M','African American','Parkside, Baltimore Avenue, Apt No 501','College Park','MD','United States',20740,1,4432667079,2014,'1989-03-12','www.linkedin.com/in/connor-wood-a21015127');
INSERT INTO TerpsMSIS.Alumni(alumniFName,alumniMName,alumniID,alumniLName,gender,ethnicity,streetAddress,city,state,country,zipcode,countryCode,alumniPhoneNo,yearOfPassing,dOB,linkedInURL) VALUES ('Wencong','T','al00020','Situ','M','Asian','4309 Sandridge Rd','Long Beach','WA','United States',98631,1,8034255499,2016,'1993-05-12','www.linkedin.com/in/wencong-situ-625440111');

INSERT INTO TerpsMSIS.Company VALUES
('c00001','Cox Automotive Inc.','Automobile'),
('c00002','Laureate Education','Education'),
('c00003','Football Paradise','Sports'),
('c00004','Deloitte','Consulting'),
('c00005','National Brain Research Center','Research'),
('c00006','BAO Systems','IT Services'),
('c00007','Freddie Mac','Finance'),
('c00008','KOIN Automation','Technology'),
('c00009','Winner Circle','Retail'),
('c00010','EY','Consulting'),
('c00011','Leidos','Computer Security'),
('c00012','IBM','Technology'),
('c00013','IDC','Research'),
('c00014','Paypal','Internet'),
('c00015','Stanley Black & Decker, Inc.','Health'),
('c00016','Ningbo Bureau of Health','Consulting'),
('c00017','Accenture','Consulting'),
('c00018','Hilti','Consulting'),
('c00019','Booz Allen Hamilton','Cybersecurity'),
('c00020','Blackberry','Technology'),
('c00021','PWC','Consulting'),
('c00022','Safeway','Retail'),
('c00023','KPMG','Consulting'),
('c00024','Flipkart','Ecommerce'),
('c00025','Vectorworks','Engineering');

INSERT INTO TerpsMSIS.Skill VALUES
('sk00001','R','Programming'),
('sk00002','Python','Programming'),
('sk00003','Salesforce','Tools and Utilities'),
('sk00004','SAP','Tools and Utilities'),
('sk00005','Team Management','Behavioral'),
('sk00006','Business Strategy','Business'),
('sk00007','Business Analytics','Business'),
('sk00008','Tableau','Tools and Utilities'),
('sk00009','Java','Programming'),
('sk00010','Research','Behavioral'),
('sk00011','JSON','Programming'),
('sk00012','SQL','Database'),
('sk00013','SaaS','Tools and Utilities'),
('sk00014','Analytical','Behavioral'),
('sk00015','Decision Making','Behavioral'),
('sk00016','Leadership','Business'),
('sk00017','CISSP','Security'),
('sk00018','Identity Management','Behavioral'),
('sk00019','Management','Behavioral');

INSERT INTO TerpsMSIS.University VALUES
 ('u00001','Stanford School of Business'),
 ('u00002','University of Maryland, College Park'),
 ('u00003','MDU Rohtak'),
 ('u00004','Mumbai University'),
 ('u00005','Dhirubhai Ambani Institute of Information and Communication Technology'),
 ('u00006','Birla Institute of Technology and Science'),
 ('u00007','Montgomery College'),
 ('u00008','Beijing Language and Culture University'),
 ('u00009','University of Indianapolis'),
 ('u00010','Indiana University'),
 ('u00011','Tianjin University of Commerce China'),
 ('u00012','Drexel University');

INSERT INTO TerpsMSIS.Major VALUES
 ('m001','Innovation and Entrepreneurship'),
 ('m002','Business'),
 ('m003','Information Technology'),
 ('m004','Electronics'),
 ('m005','Information and Communication'),
 ('m006','Mechanical'),
 ('m007','Cyber-Security'),
 ('m008','Management Information Systems'),
 ('m009','Computer Science'),
 ('m010','Arts'),
 ('m011','Logistics'),
 ('m012','Finance'),
 ('m013','Japanese Language and Literature'),
 ('m014','Marketing'),
 ('m015','Computing Security'),
 ('m016','Decision Information Sciences'),
 ('m017','International Business'),
 ('m018','Public Health'),
 ('m019','Government and Politics'),
 ('m020','Accounting');

INSERT INTO TerpsMSIS.Course VALUES 
('BUDT758F','IS Project - Google Analytics'),
('BUDT758T','Data Mining and Predictive Analytics'),
('BUDT758B','Big Data and Artificial Intelligence for Systems'),
('BUDT758K','Computer Simulation for Business Applications'),
('BUDT758M','Healthcare Information Systems'),
('BUDT758Q','Information Security Systems');

INSERT INTO TerpsMSIS.Requires VALUES
 ('c00001','sk00001'),
 ('c00001','sk00003'),
 ('c00001','sk00004'),
 ('c00002','sk00003'),
 ('c00002','sk00004'),
 ('c00003','sk00006'),
 ('c00003','sk00007'),
 ('c00004','sk00009'),
 ('c00004','sk00001'),
 ('c00005','sk00009'),
 ('c00006','sk00010'),
 ('c00006','sk00012'),
 ('c00007','sk00011'),
 ('c00007','sk00012'),
 ('c00008','sk00013'),
 ('c00008','sk00014'),
 ('c00009','sk00014'),
 ('c00009','sk00015'),
 ('c00010','sk00016'),
 ('c00010','sk00017'),
 ('c00010','sk00018'),
 ('c00011','sk00016'),
 ('c00011','sk00017'),
 ('c00012','sk00009'),
 ('c00012','sk00011'),
 ('c00012','sk00014'),
 ('c00012','sk00002'),
 ('c00013','sk00002'),
 ('c00013','sk00014'),
 ('c00013','sk00015'),
 ('c00014','sk00015'),
 ('c00014','sk00018'),
 ('c00014','sk00002'),
 ('c00015','sk00001'),
 ('c00015','sk00002'),
 ('c00016','sk00002'),
 ('c00016','sk00010'),
 ('c00016','sk00015'),
 ('c00017','sk00001'),
 ('c00017','sk00014'),
 ('c00017','sk00015'),
 ('c00018','sk00014'),
 ('c00018','sk00009'),
 ('c00018','sk00013'),
 ('c00019','sk00014'),
 ('c00019','sk00005'),
 ('c00020','sk00007'),
 ('c00020','sk00016'),
 ('c00021','sk00014'),
 ('c00021','sk00015'),
 ('c00021','sk00002'),
 ('c00022','sk00005'),
 ('c00022','sk00012'),
 ('c00025','sk00010'),
 ('c00025','sk00012'),
 ('c00025','sk00011');

INSERT INTO TerpsMSIS.Taken VALUES
 ('al00001','BUDT758F'),
 ('al00001','BUDT758T'),
 ('al00001','BUDT758B'),
 ('al00002','BUDT758F'),
 ('al00002','BUDT758T'),
 ('al00002','BUDT758B'),
 ('al00003','BUDT758F'),
 ('al00003','BUDT758K'),
 ('al00003','BUDT758B'),
 ('al00004','BUDT758F'),
 ('al00004','BUDT758T'),
 ('al00004','BUDT758M'),
 ('al00005','BUDT758F'),
 ('al00005','BUDT758T'),
 ('al00005','BUDT758B'),
 ('al00006','BUDT758F'),
 ('al00006','BUDT758T'),
 ('al00006','BUDT758M'),
 ('al00007','BUDT758F'),
 ('al00007','BUDT758K'),
 ('al00007','BUDT758B'),
 ('al00008','BUDT758F'),
 ('al00008','BUDT758T'),
 ('al00008','BUDT758M'),
 ('al00009','BUDT758F'),
 ('al00009','BUDT758T'),
 ('al00009','BUDT758Q'),
 ('al00010','BUDT758F'),
 ('al00010','BUDT758K'),
 ('al00010','BUDT758Q'),
 ('al00011','BUDT758F'),
 ('al00011','BUDT758T'),
 ('al00011','BUDT758M'),
 ('al00012','BUDT758F'),
 ('al00012','BUDT758K'),
 ('al00012','BUDT758M'),
 ('al00013','BUDT758F'),
 ('al00013','BUDT758K'),
 ('al00013','BUDT758Q'),
 ('al00014','BUDT758F'),
 ('al00014','BUDT758K'),
 ('al00014','BUDT758Q'),
 ('al00015','BUDT758F'),
 ('al00015','BUDT758K'),
 ('al00015','BUDT758B'),
 ('al00016','BUDT758F'),
 ('al00016','BUDT758T'),
 ('al00016','BUDT758B'),
 ('al00017','BUDT758F'),
 ('al00017','BUDT758K'),
 ('al00017','BUDT758B'),
 ('al00018','BUDT758F'),
 ('al00018','BUDT758K'),
 ('al00018','BUDT758Q'),
 ('al00019','BUDT758F'),
 ('al00019','BUDT758T'),
 ('al00019','BUDT758M'),
 ('al00020','BUDT758F'),
 ('al00020','BUDT758T'),
 ('al00020','BUDT758B');

INSERT INTO TerpsMSIS.Possess VALUES
('al00001','sk00001'),
('al00001','sk00002'),
('al00001','sk00003'),
('al00001','sk00004'),
('al00002','sk00005'),
('al00002','sk00006'),
('al00002','sk00007'),
('al00003','sk00009'),
('al00003','sk00001'),
('al00004','sk00010'),
('al00004','sk00011'),
('al00004','sk00012'),
('al00005','sk00013'),
('al00005','sk00014'),
('al00005','sk00015'),
('al00006','sk00016'),
('al00006','sk00017'),
('al00006','sk00010'),
('al00006','sk00015'),
('al00006','sk00018'),
('al00007','sk00009'),
('al00007','sk00011'),
('al00007','sk00002'),
('al00007','sk00014'),
('al00007','sk00015'),
('al00008','sk00014'),
('al00008','sk00015'),
('al00008','sk00018'),
('al00008','sk00001'),
('al00008','sk00002'),
('al00009','sk00002'),
('al00009','sk00010'),
('al00009','sk00015'),
('al00009','sk00012'),
('al00010','sk00001'),
('al00010','sk00014'),
('al00010','sk00015'),
('al00010','sk00009'),
('al00010','sk00005'),
('al00011','sk00008'),
('al00011','sk00009'),
('al00012','sk00002'),
('al00012','sk00014'),
('al00012','sk00015'),
('al00013','sk00001'),
('al00013','sk00014'),
('al00013','sk00015'),
('al00014','sk00013'),
('al00014','sk00014'),
('al00014','sk00015'),
('al00015','sk00005'),
('al00015','sk00007'),
('al00016','sk00014'),
('al00016','sk00016'),
('al00016','sk00015'),
('al00016','sk00002'),
('al00017','sk00005'),
('al00017','sk00012'),
('al00018','sk00001'),
('al00018','sk00014'),
('al00018','sk00015'),
('al00019','sk00010'),
('al00019','sk00011'),
('al00019','sk00012'),
('al00020','sk00005'),
('al00020','sk00006'),
('al00020','sk00007');

INSERT INTO TerpsMSIS.Hires(alumniID,companyID,workStartDate,workEndDate,type,salary,title,department,location) VALUES ('al00001','c00001','2018-02-18',NULL,'Full Time',70000,'Product Manager','Manufacturing','New York');
INSERT INTO TerpsMSIS.Hires(alumniID,companyID,workStartDate,workEndDate,type,salary,title,department,location) VALUES ('al00001','c00002','2018-05-17','2018-01-18','Intern',25000,'Product Owner Intern','Manufacturing','Baltimore');
INSERT INTO TerpsMSIS.Hires(alumniID,companyID,workStartDate,workEndDate,type,salary,title,department,location) VALUES ('al00002','c00003','2018-10-15',NULL,'Full Time',NULL,'Founder',NULL,'New York');
INSERT INTO TerpsMSIS.Hires(alumniID,companyID,workStartDate,workEndDate,type,salary,title,department,location) VALUES ('al00003','c00004','2018-03-18',NULL,'Full Time',90000,'Data Scientist','Data Analysis','Washington D.C.');
INSERT INTO TerpsMSIS.Hires(alumniID,companyID,workStartDate,workEndDate,type,salary,title,department,location) VALUES ('al00003','c00005','2018-01-14','2018-05-15','Intern',30000,'Research Intern','Research','New Delhi');
INSERT INTO TerpsMSIS.Hires(alumniID,companyID,workStartDate,workEndDate,type,salary,title,department,location) VALUES ('al00004','c00006','2018-03-18',NULL,'Full Time',65000,'Data Analyst','Data Analysis','Washington D.C.');
INSERT INTO TerpsMSIS.Hires(alumniID,companyID,workStartDate,workEndDate,type,salary,title,department,location) VALUES ('al00004','c00007','2018-05-17','2018-12-17','Co-op',35000,'Data Analyst Associate','Data Analysis','Virginia');
INSERT INTO TerpsMSIS.Hires(alumniID,companyID,workStartDate,workEndDate,type,salary,title,department,location) VALUES ('al00005','c00008','2018-07-17','2018-05-18','Full Time',80000,'Distributed SaaS Consultant','IT','Virginia');
INSERT INTO TerpsMSIS.Hires(alumniID,companyID,workStartDate,workEndDate,type,salary,title,department,location) VALUES ('al00005','c00009','2018-02-14','2018-04-18','Full Time',75000,'Fleet Manager','IT','Washington D.C.');
INSERT INTO TerpsMSIS.Hires(alumniID,companyID,workStartDate,workEndDate,type,salary,title,department,location) VALUES ('al00006','c00010','2018-07-16',NULL,'Full Time',60000,'Senior Manager','IT','Washington D.C.');
INSERT INTO TerpsMSIS.Hires(alumniID,companyID,workStartDate,workEndDate,type,salary,title,department,location) VALUES ('al00006','c00011','2018-09-13','2018-06-16','Full Time',100000,'Cybersecurity Business Area Manager',NULL,'Maryland');
INSERT INTO TerpsMSIS.Hires(alumniID,companyID,workStartDate,workEndDate,type,salary,title,department,location) VALUES ('al00007','c00012','2018-02-18',NULL,'Full Time',95000,'Software Developer','IT','China');
INSERT INTO TerpsMSIS.Hires(alumniID,companyID,workStartDate,workEndDate,type,salary,title,department,location) VALUES ('al00007','c00013','2016-03-16','2016-06-16','Intern',30000,'Data Analyst Intern','Data Analysis','China');
INSERT INTO TerpsMSIS.Hires(alumniID,companyID,workStartDate,workEndDate,type,salary,title,department,location) VALUES ('al00008','c00014','2018-02-18',NULL,'Full Time',85000,'Product Manager','Manufacturing','California');
INSERT INTO TerpsMSIS.Hires(alumniID,companyID,workStartDate,workEndDate,type,salary,title,department,location) VALUES ('al00008','c00015','2018-06-17','2018-11-17','Intern',20000,'Data Analyst Intern','Data Analysis','Maryland');
INSERT INTO TerpsMSIS.Hires(alumniID,companyID,workStartDate,workEndDate,type,salary,title,department,location) VALUES ('al00009','c00016','2018-08-13',NULL,'Full Time',70000,'Junior Cosultant','Data Analysis','China');
INSERT INTO TerpsMSIS.Hires(alumniID,companyID,workStartDate,workEndDate,type,salary,title,department,location) VALUES ('al00010','c00017','2018-06-14',NULL,'Full Time',75000,'Technology Consultant','IT','Virginia');
INSERT INTO TerpsMSIS.Hires(alumniID,companyID,workStartDate,workEndDate,type,salary,title,department,location) VALUES ('al00010','c00018','2018-05-13','2018-08-13','Intern',25000,'Logistics Analyst Intern','Logistics','Oklahoma');
INSERT INTO TerpsMSIS.Hires(alumniID,companyID,workStartDate,workEndDate,type,salary,title,department,location) VALUES ('al00011','c00004','2018-01-01',NULL,'Full Time',80000,'Technology Consultant','IT','Washionton DC');
INSERT INTO TerpsMSIS.Hires(alumniID,companyID,workStartDate,workEndDate,type,salary,title,department,location) VALUES ('al00012','c00012','2017-05-01',NULL,'Full Time',105000,'Software Developer','IT','China');
INSERT INTO TerpsMSIS.Hires(alumniID,companyID,workStartDate,workEndDate,type,salary,title,department,location) VALUES ('al00013','c00017','2018-01-01',NULL,'Full Time',95000,'Technology Consultant','IT','Virginia');
INSERT INTO TerpsMSIS.Hires(alumniID,companyID,workStartDate,workEndDate,type,salary,title,department,location) VALUES ('al00014','c00019','2018-04-01',NULL,'Full Time',90000,'Cyber Security Egineer','IT','Washington DC');
INSERT INTO TerpsMSIS.Hires(alumniID,companyID,workStartDate,workEndDate,type,salary,title,department,location) VALUES ('al00015','c00020','2014-05-01',NULL,'Full Time',80000,'Software Developer','IT','Washington DC');
INSERT INTO TerpsMSIS.Hires(alumniID,companyID,workStartDate,workEndDate,type,salary,title,department,location) VALUES ('al00016','c00021','2018-02-11',NULL,'Full Time',65000,'Technology Consultant','IT','New York');
INSERT INTO TerpsMSIS.Hires(alumniID,companyID,workStartDate,workEndDate,type,salary,title,department,location) VALUES ('al00017','c00022','2014-04-01',NULL,'Full Time',70000,'Sales Executive','Sales','Maryland');
INSERT INTO TerpsMSIS.Hires(alumniID,companyID,workStartDate,workEndDate,type,salary,title,department,location) VALUES ('al00018','c00017','2018-04-01',NULL,'Full Time',95000,'Technology Consultant','IT','Virginia');
INSERT INTO TerpsMSIS.Hires(alumniID,companyID,workStartDate,workEndDate,type,salary,title,department,location) VALUES ('al00018','c00018','2016-05-01','2016-08-01','Intern',30000,'Logistics Analyst Intern','Logistics','Oklahoma');
INSERT INTO TerpsMSIS.Hires(alumniID,companyID,workStartDate,workEndDate,type,salary,title,department,location) VALUES ('al00019','c00007','2011-01-01','2013-05-01','Co-op',40000,'Data Analyst','Data Analysis','Virginia');
INSERT INTO TerpsMSIS.Hires(alumniID,companyID,workStartDate,workEndDate,type,salary,title,department,location) VALUES ('al00019','c00025','2015-03-01',NULL,'Full Time',80000,'Software Developer','IT','Washington D.C.');
INSERT INTO TerpsMSIS.Hires(alumniID,companyID,workStartDate,workEndDate,type,salary,title,department,location) VALUES ('al00020','c00012','2017-02-01',NULL,'Full Time',85000,'Product Manager','Manufacturing','New York');

INSERT INTO TerpsMSIS.Study(alumniID,universityID,majorID,universityStartDate,universityEndDate,degreeEarned) VALUES ('al00002','u00001','m001','2016-07-01','2017-06-01','Masters');
INSERT INTO TerpsMSIS.Study(alumniID,universityID,majorID,universityStartDate,universityEndDate,degreeEarned) VALUES ('al00006','u00002','m002','2014-08-01','2015-06-01','MBA');
INSERT INTO TerpsMSIS.Study(alumniID,universityID,majorID,universityStartDate,universityEndDate,degreeEarned) VALUES ('al00020','u00002','m002','2014-07-15','2016-05-15','MBA');
INSERT INTO TerpsMSIS.Study(alumniID,universityID,majorID,universityStartDate,universityEndDate,degreeEarned) VALUES ('al00001','u00003','m003','2006-06-01','2010-05-01','Bachelor of Engineering');
INSERT INTO TerpsMSIS.Study(alumniID,universityID,majorID,universityStartDate,universityEndDate,degreeEarned) VALUES ('al00002','u00004','m004','2008-07-01','2012-06-01','Bachelor of Engineering');
INSERT INTO TerpsMSIS.Study(alumniID,universityID,majorID,universityStartDate,universityEndDate,degreeEarned) VALUES ('al00003','u00005','m005','2010-01-01','2014-01-01','Bachelor of Technology');
INSERT INTO TerpsMSIS.Study(alumniID,universityID,majorID,universityStartDate,universityEndDate,degreeEarned) VALUES ('al00004','u00006','m006','2011-01-01','2016-01-01','Bachelor of Technology');
INSERT INTO TerpsMSIS.Study(alumniID,universityID,majorID,universityStartDate,universityEndDate,degreeEarned) VALUES ('al00005','u00007','m007','2011-05-01','2013-06-01','Bachelor');
INSERT INTO TerpsMSIS.Study(alumniID,universityID,majorID,universityStartDate,universityEndDate,degreeEarned) VALUES ('al00006','u00002','m008','2008-06-01','2012-06-01','Bachelor of Science');
INSERT INTO TerpsMSIS.Study(alumniID,universityID,majorID,universityStartDate,universityEndDate,degreeEarned) VALUES ('al00007','u00008','m008','2012-01-01','2016-01-01','Bachelor');
INSERT INTO TerpsMSIS.Study(alumniID,universityID,majorID,universityStartDate,universityEndDate,degreeEarned) VALUES ('al00008','u00004','m009','2012-01-01','2016-01-01','Bachelor of Engineering');
INSERT INTO TerpsMSIS.Study(alumniID,universityID,majorID,universityStartDate,universityEndDate,degreeEarned) VALUES ('al00009','u00009','m010','2009-01-01','2011-01-01','Bachelor');
INSERT INTO TerpsMSIS.Study(alumniID,universityID,majorID,universityStartDate,universityEndDate,degreeEarned) VALUES ('al00010','u00002','m011','2011-01-01','2013-01-01','Bachelor of Science');
INSERT INTO TerpsMSIS.Study(alumniID,universityID,majorID,universityStartDate,universityEndDate,degreeEarned) VALUES ('al00011','u00010','m012','2010-01-01','2014-01-01','Bachelor of Science');
INSERT INTO TerpsMSIS.Study(alumniID,universityID,majorID,universityStartDate,universityEndDate,degreeEarned) VALUES ('al00012','u00011','m012','2012-06-01','2014-08-01','Bachelor of Science');
INSERT INTO TerpsMSIS.Study(alumniID,universityID,majorID,universityStartDate,universityEndDate,degreeEarned) VALUES ('al00013','u00002','m013','2009-01-01','2012-01-01','Bachelor of Arts');
INSERT INTO TerpsMSIS.Study(alumniID,universityID,majorID,universityStartDate,universityEndDate,degreeEarned) VALUES ('al00014','u00002','m014','2007-01-01','2011-01-01','Bachelor of Science');
INSERT INTO TerpsMSIS.Study(alumniID,universityID,majorID,universityStartDate,universityEndDate,degreeEarned) VALUES ('al00015','u00012','m015','2011-05-01','2014-06-01','Bachelor of Science');
INSERT INTO TerpsMSIS.Study(alumniID,universityID,majorID,universityStartDate,universityEndDate,degreeEarned) VALUES ('al00016','u00002','m016','2008-01-01','2012-01-01','Bachelor of Science');
INSERT INTO TerpsMSIS.Study(alumniID,universityID,majorID,universityStartDate,universityEndDate,degreeEarned) VALUES ('al00017','u00002','m017','2010-01-01','2012-01-01','Bachelor of Science');
INSERT INTO TerpsMSIS.Study(alumniID,universityID,majorID,universityStartDate,universityEndDate,degreeEarned) VALUES ('al00018','u00002','m018','2013-06-01','2015-08-01','Bachelor of Science');
INSERT INTO TerpsMSIS.Study(alumniID,universityID,majorID,universityStartDate,universityEndDate,degreeEarned) VALUES ('al00019','u00002','m019','2016-01-01','2018-01-01','Bachelor of Arts');
INSERT INTO TerpsMSIS.Study(alumniID,universityID,majorID,universityStartDate,universityEndDate,degreeEarned) VALUES ('al00020','u00002','m020','2014-04-01','2016-06-01','Bachelor');
